{"Position":{"x":3.6716248989105226,"y":0.6290274858474731,"z":13.373239517211914},"EventName":"Camera Look At"}
